label,experiment_id,d_model,num_heads,num_hidden_layers,head_dim,intermediate_size,model_params,batch_size,learning_rate,optimizer_steps,data_size,status,runtime_seconds,tokens_per_second,final_loss,last_3_average_loss
384x8,1592,384,6,8,64,1024,14155776,32,0.003,1024,16777216,completed,18.0964527479955,927099.7047671883,4.833984375,4.84765625
448x10,1553,448,7,10,64,1280,24084480,32,0.002121320343559643,1024,16777216,completed,21.546967157162726,778634.685690457,4.90625,4.916015625
640x12,1593,640,10,12,64,2048,58982400,32,0.003,1024,16777216,completed,34.545233192970045,485659.3645288857,4.708984375,4.720703125
768x16,1595,768,12,16,64,3072,113246208,32,0.003,1024,16777216,completed,55.261998862959445,303594.0853606237,4.716796875,4.729817708333333
384x8,1625,384,6,8,64,1024,14155776,32,0.003,2048,33554432,completed,31.88942277012393,1052211.9588641773,4.509765625,4.517578125
640x12,1626,640,10,12,64,2048,58982400,32,0.003,2048,33554432,completed,64.26287947199307,522143.300700113,4.375,4.386067708333333
768x16,1631,768,12,16,64,3072,113246208,32,0.003,2048,33554432,completed,107.40190869313665,312419.3266980947,4.3134765625,4.326171875
448x10,1529,448,7,10,64,1280,24084480,32,0.0010606601717798214,512,8388608,completed,11.019542645895854,761248.2903838368,5.65625,5.658203125
448x10,1550,448,7,10,64,1280,24084480,32,0.002121320343559643,512,8388608,completed,11.187560154125094,749815.6778095124,5.34375,5.352213541666667
448x10,1530,448,7,10,64,1280,24084480,128,0.002121320343559643,128,8388608,completed,10.650030035059899,787660.5016497327,6.330078125,6.341145833333333
448x10,1551,448,7,10,64,1280,24084480,128,0.004242640687119286,128,8388608,completed,10.847168316831812,773345.425735046,6.3203125,6.33203125
448x10,1532,448,7,10,64,1280,24084480,512,0.004242640687119286,32,8388608,completed,11.012986888999876,761701.4425377016,7.021484375,7.028645833333333
448x10,1552,448,7,10,64,1280,24084480,512,0.008485281374238571,32,8388608,completed,10.218268716940656,820942.199933801,6.984375,7.0
448x10,1496,448,7,10,64,1280,24084480,32,1e-05,1024,16777216,completed,21.498443059972487,780392.1406400427,10.296875,10.298177083333334
448x10,1497,448,7,10,64,1280,24084480,32,3e-05,1024,16777216,completed,21.488583797996398,780750.195439325,9.171875,9.171875
448x10,1498,448,7,10,64,1280,24084480,32,0.0001,1024,16777216,completed,21.61913511500461,776035.48480327,7.1796875,7.1796875
448x10,1504,448,7,10,64,1280,24084480,32,0.0003,1024,16777216,completed,22.00462698098272,762440.3728588329,6.203125,6.203776041666667
448x10,1505,448,7,10,64,1280,24084480,32,0.001,1024,16777216,completed,21.87348482105881,767011.5730186554,5.251953125,5.255208333333333
448x10,1506,448,7,10,64,1280,24084480,32,0.003,1024,16777216,completed,21.874663423979655,766970.2465734087,4.80859375,4.8203125
448x10,1507,448,7,10,64,1280,24084480,32,0.01,1024,16777216,completed,21.75519495503977,771182.0571901343,4.966796875,4.984375
448x10,1533,448,7,10,64,1280,24084480,32,0.0010606601717798214,1024,16777216,completed,22.581881794001674,742950.3064911294,5.21875,5.223958333333333
448x10,1508,448,7,10,64,1280,24084480,64,1e-05,512,16777216,completed,21.06315649393946,796519.5532221079,10.375,10.375
448x10,1509,448,7,10,64,1280,24084480,64,3e-05,512,16777216,completed,21.002828750992194,798807.4463163648,9.42578125,9.42578125
448x10,1510,448,7,10,64,1280,24084480,64,0.0001,512,16777216,completed,21.301988422870636,787589.1990433782,7.392578125,7.392578125
448x10,1511,448,7,10,64,1280,24084480,64,0.0003,512,16777216,completed,21.400281965034083,783971.7265133371,6.548828125,6.549479166666667
448x10,1512,448,7,10,64,1280,24084480,64,0.001,512,16777216,completed,21.292792252032086,787929.3519335802,5.623046875,5.625651041666667
448x10,1513,448,7,10,64,1280,24084480,64,0.003,512,16777216,completed,21.152990566100925,793136.8355492299,5.177734375,5.186197916666667
448x10,1514,448,7,10,64,1280,24084480,64,0.01,512,16777216,completed,21.058799792081118,796684.33935674,5.28125,5.304036458333333
448x10,1450,448,7,10,64,1280,24084480,128,1e-05,256,16777216,completed,19.66134286101442,853309.7723079118,10.4375,10.4375
448x10,1451,448,7,10,64,1280,24084480,128,3e-05,256,16777216,completed,19.84387000906281,845460.8900551025,9.86328125,9.869791666666666
448x10,1452,448,7,10,64,1280,24084480,128,0.0001,256,16777216,completed,21.066123188007623,796407.381190613,7.8828125,7.884765625
448x10,1453,448,7,10,64,1280,24084480,128,0.0003,256,16777216,completed,20.709992337971926,810102.4725749826,6.869140625,6.869140625
448x10,1454,448,7,10,64,1280,24084480,128,0.001,256,16777216,completed,20.536428574938327,816949.0590235398,6.068359375,6.071614583333333
448x10,1455,448,7,10,64,1280,24084480,128,0.003,256,16777216,completed,20.2594128040364,828119.559154122,5.767578125,5.780598958333333
448x10,1456,448,7,10,64,1280,24084480,128,0.01,256,16777216,completed,20.15492822311353,832412.5898280306,5.998046875,6.014973958333333
448x10,1535,448,7,10,64,1280,24084480,128,0.002121320343559643,256,16777216,completed,21.934063938999316,764893.1838011874,5.865234375,5.874348958333333
448x10,1554,448,7,10,64,1280,24084480,128,0.004242640687119286,256,16777216,completed,21.030917723895982,797740.5560831616,5.845703125,5.863932291666667
448x10,1457,448,7,10,64,1280,24084480,256,1e-05,128,16777216,completed,20.676722435979173,811405.968810912,10.4921875,10.4921875
448x10,1458,448,7,10,64,1280,24084480,256,3e-05,128,16777216,completed,20.221080259187147,829689.402591512,10.18359375,10.184895833333334
448x10,1459,448,7,10,64,1280,24084480,256,0.0001,128,16777216,completed,22.013637501047924,762128.2942994472,8.6796875,8.682291666666666
448x10,1460,448,7,10,64,1280,24084480,256,0.0003,128,16777216,completed,22.06783905485645,760256.4056360495,7.181640625,7.181640625
448x10,1461,448,7,10,64,1280,24084480,256,0.001,128,16777216,completed,22.053242882015184,760759.5894063327,6.53125,6.536458333333333
448x10,1463,448,7,10,64,1280,24084480,256,0.003,128,16777216,completed,21.21132475102786,790955.5955097529,6.265625,6.274088541666667
448x10,1465,448,7,10,64,1280,24084480,256,0.01,128,16777216,completed,21.187298864941113,791852.5200851095,6.52734375,6.537109375
448x10,1466,448,7,10,64,1280,24084480,512,1e-05,64,16777216,completed,20.139443323016167,833052.6187298495,10.5,10.5
448x10,1467,448,7,10,64,1280,24084480,512,3e-05,64,16777216,completed,20.109321006922983,834300.4716183183,10.359375,10.359375
448x10,1468,448,7,10,64,1280,24084480,512,0.0001,64,16777216,completed,20.30460969696287,826276.2126626599,9.19921875,9.19921875
448x10,1469,448,7,10,64,1280,24084480,512,0.0003,64,16777216,completed,20.565501767094247,815794.1483754275,7.625,7.632161458333333
448x10,1470,448,7,10,64,1280,24084480,512,0.001,64,16777216,completed,21.21223699906841,790921.5798756545,6.876953125,6.880208333333333
448x10,1471,448,7,10,64,1280,24084480,512,0.003,64,16777216,completed,19.8299462699797,846054.5364865063,6.7890625,6.799479166666667
448x10,1472,448,7,10,64,1280,24084480,512,0.01,64,16777216,completed,20.052610400947742,836659.9492307027,6.748046875,6.760416666666667
448x10,1537,448,7,10,64,1280,24084480,512,0.004242640687119286,64,16777216,completed,20.568654293998407,815669.1128254955,6.74609375,6.751953125
448x10,1555,448,7,10,64,1280,24084480,512,0.008485281374238571,64,16777216,completed,19.74531887494959,849680.681596125,6.802734375,6.8125
448x10,1556,448,7,10,64,1280,24084480,32,0.002121320343559643,2048,33554432,completed,41.970190037973225,799482.4891105108,4.5703125,4.578125
448x10,1557,448,7,10,64,1280,24084480,128,0.004242640687119286,512,33554432,completed,41.149224382825196,815432.9152800484,5.095703125,5.110677083333333
448x10,1558,448,7,10,64,1280,24084480,512,0.008485281374238571,128,33554432,completed,38.82870444195578,864165.634219391,6.419921875,6.4296875
768x16,1605,768,12,16,64,3072,113246208,128,0.003,256,16777216,completed,57.95268050697632,289498.5331693219,5.818359375,5.841796875
